{"tempo":130,"noteLifetime":0.7307692307692307,"name":"mini","notes":[["l",0,0],["d",0.6666666666666666,0],["u",0.33333333333333337,0],["l",0.6666666666666665,0],["d",0.3333333333333335,0],["u",0.6666666666666665,0],["d",0.3333333333333335,0],["r",0.6666666666666665,0.6666666666666666],["d",0.9999999999999996,0],["r",0.3333333333333339,0.6666666666666666],["d",0.6666666666666661,0],["r",0.3333333333333339,0.6666666666666666],["l",0.6666666666666661,0],["r",0.3333333333333339,0.6666666666666666],["d",0.6666666666666661,0],["l",0.3333333333333339,0],["d",0.6666666666666661,0],["u",0.3333333333333339,0],["l",0.6666666666666661,0],["d",0.3333333333333339,0],["u",0.6666666666666661,0],["d",0.3333333333333339,0],["r",0.6666666666666661,1],["u",1,0],["r",0.3333333333333339,0.6666666666666666],["u",0.6666666666666661,0.3333333333333333],["d",0.3333333333333339,0],["u",0.6666666666666661,0],["d",0.3333333333333339,0],["l",0.6666666666666661,0],["l",0.3333333333333339,0],["d",0.6666666666666643,0],["u",0.3333333333333357,0],["l",0.6666666666666643,0],["d",0.3333333333333357,0],["u",0.6666666666666643,0],["d",0.3333333333333357,0],["r",0.6666666666666643,1],["d",1,0],["r",0.3333333333333357,0.6666666666666666],["d",0.6666666666666643,0],["r",0.3333333333333357,0.6666666666666666],["l",0.6666666666666643,0],["r",0.3333333333333357,0.6666666666666666],["d",0.6666666666666643,0],["l",0.3333333333333357,0],["d",0.6666666666666643,0],["u",0.3333333333333357,0],["l",0.6666666666666643,0],["d",0.3333333333333357,0],["u",0.6666666666666643,0],["d",0.3333333333333357,0],["u",0.6666666666666643,1],["d",1,0],["u",0.3333333333333357,0.6666666666666666],["d",0.6666666666666643,0],["l",0.3333333333333357,0],["u",0,0],["d",0.6666666666666643,0],["r",0,0],["u",0.3333333333333357,0],["l",0,0],["d",0.6666666666666643,0],["r",0,0],["r",0.3333333333333357,0],["u",0.6666666666666643,0],["r",0.3333333333333357,0],["l",0.6666666666666643,0],["u",0.6666666666666643,0],["d",0.3333333333333357,0],["u",0.3333333333333357,0],["l",0.6666666666666643,0],["u",0.3333333333333357,0],["d",0.6666666666666643,0],["u",0.3333333333333357,0],["d",0.6666666666666643,0],["l",0.6666666666666643,0],["u",0.3333333333333357,0],["r",0.3333333333333357,0.6666666666666666],["d",0.6666666666666643,0],["r",0.3333333333333357,0],["d",0.6666666666666643,0],["r",0.3333333333333357,0],["u",0.6666666666666643,0.6666666666666666],["d",0.6666666666666643,0],["u",0.3333333333333357,0],["d",0.3333333333333357,0],["r",0.6666666666666643,0],["l",0.3333333333333357,0],["u",0.6666666666666643,0],["l",0.3333333333333357,0],["r",1,0],["d",0.3333333333333286,0],["u",0.3333333333333357,0],["l",0.3333333333333357,5.551115123125783e-17],["d",0.6666666666666643,0],["r",0.3333333333333357,0],["u",0.6666666666666643,0],["r",0.3333333333333357,0],["l",0.6666666666666643,0],["u",0.6666666666666643,0],["d",0.3333333333333357,0],["u",0.3333333333333357,0],["l",0.6666666666666643,0],["u",0.3333333333333357,0],["d",0.6666666666666643,0],["u",0.3333333333333357,0],["d",0.6666666666666643,0],["l",0.6666666666666643,0],["u",0.3333333333333357,0],["r",0.3333333333333357,0.6666666666666666],["d",0.6666666666666643,0],["r",0.3333333333333357,0],["d",0.6666666666666643,0],["r",0.3333333333333357,0],["u",0.6666666666666643,0.6666666666666666],["d",0.6666666666666643,0],["u",0.3333333333333357,0],["d",0.3333333333333357,0],["r",0.6666666666666643,0],["l",0.3333333333333357,0],["r",0.6666666666666643,0],["l",0.3333333333333357,0.6666666666666666],["r",1,0],["u",0.3333333333333286,0],["d",0.3333333333333357,0],["l",0.3333333333333357,0],["u",0.3333333333333286,0],["d",0.3333333333333357,0],["l",0.3333333333333357,0]]}
