{"tempo":178,"name":"stress","noteLifetime":0.5337078651685393,"notes":[["d",0.49479167831488735,0],["u",0.4797979584736261,0],["l",0.4656862809015763,0],["l",0.45238094812426305,0],["u",0.4398148293368489,0],["r",0.4279279317831345,0],["d",0.41666669152046937,0],["r",0.4059829070863467,0],["l",0.3958333353125,0],["r",0.38617886511666333,0],["u",0.3769841102292776,0],["r",0.368217054834445,0],["d",0.35984847839847345,0],["r",0.3518518580183814,0],["l",0.34420289805187987,0],["r",0.33687944600372266,0],["d",0.3298611086829668,0],["u",0.32312925038178536,0],["l",0.3166666776444448,0],["l",0.3104575025417581,0],["u",0.30448717753533855,0],["r",0.2987421473834107,0],["d",0.2932098635116604,0],["r",0.28787878543617995,0],["l",0.28273810264314075,0],["r",0.2777777943469795,0],["u",0.27298850292310745,0],["r",0.2683615879855726,0],["d",0.2638888928179013,0],["r",0.2595628535578852,0],["l",0.2553763368091689,0],["r",0.25132275198762627,0],["d",0.17992423968448693,10.555555503950616],["l",0.17992423968448693,0],[null,0.17790262172284643,0],["u",0.17592592854526753,10.555555503950616],[null,0.17592592854526753,0],[null,0.17399266890673443,0],["r",0.17210144680608067,10.555555503950616],[null,0.17210144680608067,0],[null,0.1702508971801493,0],["l",0.168439719812258,10.555555503950616],[null,0.168439719812258,0],[null,0.16666666307602346,0],["d",0.1649305543414834,10.555555503950616],["l",0.1615646300817947,0],["d",0.1599326662438076,0],["r",0.1583333425800005,10.555555503950616],["d",0.15522875397977284,0],["l",0.15224358876766927,0],["l",0.14937107369170535,0],["l",0.1466049317558302,0],["l",0.14525993422691705,0],["u",0.1439393911652893,0],["r",0.14328808296899917,0],["u",0.14264264240276311,0],["d",0.14136904907481224,0],["r",0.14011799719198412,0],["u",0.1388888942820015,0],["d",0.13768116632430197,0],["r",0.13649424797075257,0],["u",0.1353276320581814,0],["d",0.1341807939927863,0],["r",0.13361462803721308,0],["u",0.13305321979772303,0],["l",0.13194444640895064,0],["r",0.13085399851330748,0],["u",0.12978142614776514,0],["r",0.12872628216266058,0],["d",0.12768816840458444,0],["r",0.12666666504533333,0],["l",0.1256613754020744,0],["r",0.12467191765315754,0],["r",0.10995370742482222,0],[null,0.10995370742482222,0],["u",0.10919539848830771,0],["l",0.10844748582129236,0],["u",0.1077097488230213,0],["r",0.10698198294578362,0],["u",0.10626398020109208,0],["l",0.10555555754469138,0],["u",0.10485651503467205,0],["r",0.10416667044042409,0],["u",0.10382513334408323,0],["r",0.10348583578585642,0],["r",0.1028138511492476,0],["u",0.10215053687432073,0],["r",0.10149572661717436,0],["l",0.10084925826199848,0],["d",0.10021097265862847,0],["l",0.09958071579447024,0],["d",0.09424602955443756,5.2777777415370375],[null,0.09424602955443756,0],[null,0.09396636796034916,0],[null,0.0936883614962517,0],[null,0.09313725455497886,0],[null,0.09259259297523643,0],["u",0.09205426466126586,5.2777777415370375],[null,0.09205426466126586,0],[null,0.09152216010168514,0],[null,0.09099617136455727,0],[null,0.09047618809106582,0],["r",0.08996211953896208,0],[null,0.08996211953896208,0],["u",0.08945386266185754,0],[null,0.08895131086142322,0],["r",0.08895131086142322,0],["l",0.08845437418723931,0],[null,0.08796296456258576,0],["r",0.08796296456258576,0],["u",0.08747698197178899,0],[null,0.08699633445336721,0],["r",0.08699633445336721,0],["l",0.0865209452949725,0],["u",0.0706845219161884,0],["r",0.07037037151089165,0],["d",0.07005899877992276,0],["r",0.06975036923350612,0],["l",0.06944444714100075,0],["r",0.06914119667298077,0],["d",0.06884058316215098,0],["r",0.06854256567228678,0],["r",0.06839452569012633,0],["d",0.06824712398537629,0],["r",0.06795421827513662,0],["d",0.06766381620065993,0],["u",0.06737588545827676,0],["l",0.06709039699639315,0],["u",0.06680731401860654,0],["l",0.06652660989886151,0],["r",0.06624825477689665,0],["d",0.06610995217071057,0],["u",0.06597222336757332,0],["r",0.06569848006270938,0],["u",0.06542699925665374,0],["r",0.06515775269719506,0],["l",0.06489071307388257,0],["d",0.06462584741570654,0],["l",0.06436314108133029,0],["u",0.06423258729968039,0],["l",0.06410256207481234,0],["r",0.06384408435503747,0],["d",0.06358768275870105,0],["l",0.06333333252266667,0],["d",0.06308101046896965,0],["l",0.06283068799690657,0],["d",0.06258234436650403,0],["d",0.062335956205523575,0],["r",0.062091504409158886,0],["r",0.06196999470411548,0],["r",0.05497685371241111,0],["d",0.05488157327117801,0],["r",0.05478662263229881,0],["l",0.05459769913244822,0],["r",0.05441007854162489,0],["d",0.05431675097405987,0],["u",0.05422374291064618,0],["l",0.054038679302936314,0],["d",0.053854874520197354,0],["r",0.05367231759711452,0],["r",0.05358150112819065,0],["u",0.05349099147289181,0],["r",0.053310886404889395,0],["l",0.05322128791908921,0],["d",0.05313199010054604,0],["l",0.052954292743556196,0],["u",0.05277777866796297,0],["r",0.052602437545514,0],["d",0.05242825751733603,0],["r",0.052255227190810445,0],["u",0.052169139665281646,0],["l",0.05208333532186594,0],["r",0.05191256657105324,0],["d",0.05174291789292821,0],["r",0.05157437451608684,0],["l",0.05140692547559315,0],["d",0.05124056034458281,0],["r",0.05107526980575791,0],["u",0.050993022664429705,0],["r",0.05091103998442254,0],["d",0.05074786292255644,0],["r",0.05058572852977304,0],["l",0.050424629035717025,0],["r",0.05026455115495088,0],["d",0.05010548632931423,0],["r",0.04994742515941494,0],["u",0.04979035799013536,0],["u",0.04963427556671466,0],[null,0.04498105976948104,15.83333369433334],["d",0.04498105976948104,0],["u",0.044853634919004425,0],["l",0.04472693133092877,0],["l",0.044600939469681945,0],[null,0.04447565543071161,15.83333369433334],["u",0.04447565543071161,0],["r",0.04435107326590767,0],["d",0.044227187093619655,0],["r",0.04410399313871798,0],[null,0.04398148220880488,15.83333369433334],["l",0.04398148220880488,0],["d",0.043859650080996605,0],["u",0.043738490985894496,0],["r",0.04361799950443583,0],[null,0.04349816722668361,15.83333369433334],["d",0.04349816722668361,0],["r",0.043378994328516954,0],["l",0.04326047271761708,0],["r",0.04314259693004709,0],[null,0.03958333353125,0],["u",0.03958333353125,4.523809573269841],[null,0.03948462158195533,0],[null,0.03938640073884311,0],[null,0.03928866734602149,0],[null,0.03919141778379575,0],["d",0.03919141778379575,10.555555503950616],[null,0.03909464846822139,0],[null,0.0389983558506638,0],["u",0.0389983558506638,10.555555503950616],[null,0.03895039038798426,0],[null,0.03890253641736458,0],[null,0.03880718668901404,0],["r",0.03880718668901404,4.523809573269841],[null,0.03871230552287602,0],[null,0.03861788539394542,0],[null,0.0385239247297389,0],[null,0.038430421955677085,0],["l",0.038430421955677085,4.523809573269841],[null,0.03833736971222465,0],[null,0.03824476699832227,0],[null,0.038152610564345726,0],["d",0.03806089719191732,10.555555503950616],["l",0.03787878691218406,0],["d",0.03778838372101123,0],["r",0.037698413366213164,10.555555503950616],["d",0.037519750139759486,0],["l",0.0373427694680542,0],["l",0.03716745059340573,0],["l",0.03699377021950002,0],["l",0.036907537309017496,0],["u",0.0368217054834445,0],["r",0.03677893910405284,0],["u",0.036736271950995575,0],["d",0.03665123394573522,0],["r",0.03656658872727943,0],["u",0.036482333580501264,0],["d",0.0363984658152406,0],["r",0.03631498276601774,0],["u",0.0362318817917511,0],["d",0.03614916027547864,0],["r",0.036107945888574515,0],["u",0.036066817768922156,0],["l",0.03598484783984735,0],["r",0.035903251491576776,0],["u",0.03582202208868234,0],["r",0.03574115941142801,0],["d",0.035660660981927876,0],["r",0.035580524344569285,0],["l",0.03550074706576311,0],["r",0.035421326733697356,0],["l",0.03298611168378666,0],["l",0.03291753357953349,0],["d",0.03284924132533314,0],["l",0.032781230198023426,0],["u",0.032747327882491524,0],["l",0.03271350010956681,0],["d",0.032646049321571585,0],["r",0.03257887610995391,0],["l",0.032511978764790804,0],["d",0.03244535559017513,0],["r",0.03241214629064876,0],["d",0.03237900490407227,0],["l",