{"tempo":178,"name":"stress","noteLifetime":0.5337078651685393,"notes":[["d",0.09895833566297747,0],["u",0.09595959169472522,0],["l",0.09313725618031526,0],["l",0.09047618962485261,0],["u",0.08796296586736978,0],["r",0.0855855863566269,0],["d",0.08333333830409387,0],["r",0.08119658141726933,0],["l",0.0791666670625,0],["r",0.07723577302333268,0],["u",0.07539682204585552,0],["r",0.073643410966889,0],["d",0.07196969567969469,0],["r",0.07037037160367629,0],["l",0.06884057961037597,0],["r",0.06737588920074453,0],["d",0.06597222173659335,0],["u",0.06462585007635707,0],["l",0.06333333552888896,0],["l",0.06209150050835161,0],["u",0.060897435507067714,0],["r",0.059748429476682144,0],["d",0.058641972702332075,0],["r",0.057575757087235994,0],["l",0.056547620528628155,0],["r",0.0555555588693959,0],["u",0.05459770058462148,0],["r",0.05367231759711452,0],["d",0.052777778563580256,0],["r",0.051912570711577045,0],["l",0.05107526736183378,0],["r",0.050264550397525254,0],["d",0.035984847936897386,2.1111111007901235],["l",0.035984847936897386,0],[null,0.035580524344569285,0],["u",0.035185185709053504,2.1111111007901235],[null,0.035185185709053504,0],[null,0.03479853378134688,0],["r",0.03442028936121613,2.1111111007901235],[null,0.03442028936121613,0],[null,0.03405017943602986,0],["l",0.033687943962451596,2.1111111007901235],[null,0.033687943962451596,0],[null,0.03333333261520469,0],["d",0.03298611086829668,2.1111111007901235],["l",0.03231292601635894,0],["d",0.031986533248761516,0],["r",0.031666668516000106,2.1111111007901235],["d",0.031045750795954567,0],["l",0.030448717753533857,0],["l",0.029874214738341072,0],["l",0.029320986351166037,0],["l",0.02905198684538341,0],["u",0.02878787823305786,0],["r",0.028657616593799836,0],["u",0.028528528480552623,0],["d",0.02827380981496245,0],["r",0.028023599438396826,0],["u",0.027777778856400297,0],["d",0.02753623326486039,0],["r",0.027298849594150517,0],["u",0.027065526411636284,0],["d",0.02683615879855726,0],["r",0.02672292560744262,0],["u",0.026610643959544603,0],["l",0.026388889281790128,0],["r",0.026170799702661496,0],["u",0.02595628522955303,0],["r",0.02574525643253212,0],["d",0.02553763368091689,0],["r",0.025333333009066667,0],["l",0.02513227508041488,0],["r",0.02493438353063151,0],["r",0.021990741484964445,0],[null,0.021990741484964445,0],["u",0.02183907969766154,0],["l",0.021689497164258473,0],["u",0.02154194976460426,0],["r",0.021396396589156725,0],["u",0.021252796040218416,0],["l",0.02111111150893828,0],["u",0.02097130300693441,0],["r",0.02083333408808482,0],["u",0.020765026668816647,0],["r",0.020697167157171285,0],["r",0.02056277022984952,0],["u",0.020430107374864146,0],["r",0.020299145323434874,0],["l",0.020169851652399696,0],["d",0.020042194531725694,0],["l",0.019916143158894048,0],["d",0.018849205910887512,1.0555555483074075],[null,0.018849205910887512,0],[null,0.01879327359206983,0],[null,0.018737672299250344,0],[null,0.01862745091099577,0],[null,0.018518518595047287,0],["u",0.018410852932253172,1.0555555483074075],[null,0.018410852932253172,0],[null,0.01830443202033703,0],[null,0.018199234272911455,0],[null,0.018095237618213165,0],["r",0.017992423907792418,0],[null,0.017992423907792418,0],["u",0.017890772532371507,0],[null,0.017790262172284643,0],["r",0.017790262172284643,0],["l",0.01769087483744786,0],[null,0.017592592912517153,0],["r",0.017592592912517153,0],["u",0.0174953963943578,0],[null,0.01739926689067344,0],["r",0.01739926689067344,0],["l",0.0173041890589945,0],["u",0.01413690438323768,0],["r",0.01407407430217833,0],["d",0.014011799755984553,0],["r",0.013950073846701223,0],["l",0.013888889428200149,0],["r",0.013828239334596154,0],["d",0.013768116632430195,0],["r",0.013708513134457357,0],["r",0.013678905138025265,0],["d",0.013649424797075259,0],["r",0.013590843655027324,0],["d",0.013532763240131987,0],["u",0.013475177091655351,0],["l",0.01341807939927863,0],["u",0.01336146280372131,0],["l",0.013305321979772302,0],["r",0.01324965095537933,0],["d",0.013221990434142112,0],["u",0.013194444673514664,0],["r",0.013139696012541878,0],["u",0.013085399851330748,0],["r",0.013031550539439014,0],["l",0.012978142614776514,0],["d",0.012925169483141308,0],["l",0.01287262821626606,0],["u",0.012846517459936077,0],["l",0.012820512414962468,0],["r",0.012768816871007494,0],["d",0.01271753655174021,0],["l",0.012666666504533334,0],["d",0.01261620209379393,0],["l",0.012566137599381313,0],["d",0.012516468873300806,0],["d",0.012467191241104715,0],["r",0.012418300881831778,0],["r",0.012393998940823096,0],["r",0.010995370742482222,0],["d",0.0109763146542356,0],["r",0.010957324526459762,0],["l",0.010919539826489643,0],["r",0.010882015708324977,0],["d",0.010863350194811975,0],["u",0.010844748582129237,0],["l",0.010807735860587262,0],["d",0.010770974904039471,0],["r",0.010734463519422905,0],["r",0.01071630022563813,0],["u",0.010698198294578362,0],["r",0.01066217728097788,0],["l",0.010644257583817842,0],["d",0.010626398020109208,0],["l",0.01059085854871124,0],["u",0.010555555733592594,0],["r",0.0105204875091028,0],["d",0.010485651503467206,0],["r",0.010451045438162089,0],["u",0.01043382793305633,0],["l",0.010416667064373187,0],["r",0.010382513314210648,0],["d",0.010348583578585643,0],["r",0.010314874903217369,0],["l",0.010281385095118629,0],["d",0.010248112068916564,0],["r",0.010215053961151582,0],["u",0.01019860453288594,0],["r",0.01018220799688451,0],["d",0.010149572584511287,0],["r",0.010117145705954608,0],["l",0.010084925807143406,0],["r",0.010052910230990177,0],["d",0.010021097265862847,0],["r",0.009989485031882989,0],["u",0.009958071598027073,0],["u",0.009926855113342932,0],[null,0.008996211953896209,3.166666738866668],["d",0.008996211953896209,0],["u",0.008970726983800885,0],["l",0.008945386266185754,0],["l",0.00892018789393639,0],[null,0.008895131086142321,3.166666738866668],["u",0.008895131086142321,0],["r",0.008870214653181534,0],["d",0.00884543741872393,0],["r",0.008820798627743596,0],[null,0.008796296441760975,3.166666738866668],["l",0.008796296441760975,0],["d",0.00877193001619932,0],["u",0.0087476981971789,0],["r",0.008723599900887165,0],[null,0.00869963344533672,3.166666738866668],["d",0.00869963344533672,0],["r",0.00867579886570339,0],["l",0.008652094543523416,0],["r",0.008628519386009418,0],[null,0.00791666670625,0],["u",0.00791666670625,0.9047619146539683],[null,0.007896924316391066,0],[null,0.00787728014776862,0],[null,0.007857733469204297,0],[null,0.00783828355675915,0],["d",0.00783828355675915,2.1111111007901235],[null,0.007818929693644278,0],[null,0.0077996711701327605,0],["u",0.0077996711701327605,2.1111111007901235],[null,0.007790078077596851,0],[null,0.007780507283472917,0],[null,0.007761437337802809,0],["r",0.007761437337802809,0.9047619146539683],[null,0.007742461104575205,0],[null,0.007723577078789084,0],[null,0.00770478494594778,0],[null,0.007686084391135418,0],["l",0.007686084391135418,0.9047619146539683],[null,0.00766747394244493,0],[null,0.007648953399664455,0],[null,0.007630522112869145,0],["d",0.007612179438383464,2.1111111007901235],["l",0.007575757382436813,0],["d",0.007557676744202246,0],["r",0.0075396826732426325,2.1111111007901235],["d",0.007503950027951898,0],["l",0.00746855389361084,0],["l",0.007433490118681147,0],["l",0.007398754043900004,0],["l",0.0073815074618035,0],["u",0.0073643410966889,0],["r",0.007355787820810569,0],["u",0.007347254390199115,0],["d",0.007330246789147044,0],["r",0.007313317745455886,0],["u",0.0072964667161002535,0],["d",0.0072796931630481196,0],["r",0.007262996553203548,0],["u",0.00724637635835022,0],["d",0.007229832055095728,0],["r",0.007221589177714903,0],["u",0.007213363553784432,0],["l",0.00719696956796947,0],["r",0.007180650298315355,0],["u",0.007164404417736469,0],["r",0.007148231882285602,0],["d",0.007132132196385575,0],["r",0.0071161048689138565,0],["l",0.0071001494131526215,0],["r",0.0070842653467394715,0],["l",0.006597222336757332,0],["l",0.006583506715906698,0],["d",0.006569848265066628,0],["l",0.006556246039604686,0],["u",0.006549465576498306,0],["l",