{"tempo":178,"name":"stress","noteLifetime":0.5337078651685393,"notes":[["d",9.895833566297748,0],["u",9.595959169472522,0],["l",9.313725618031526,0],["l",9.047618962485261,0],["u",8.796296586736977,0],["r",8.55855863566269,0],["d",8.333333830409387,0],["r",8.119658141726934,0],["l",7.91666670625,0],["r",7.7235773023332674,0],["u",7.539682204585552,0],["r",7.364341096688901,0],["d",7.196969567969469,0],["r",7.037037160367629,0],["l",6.8840579610375965,0],["r",6.737588920074453,0],["d",6.597222173659336,0],["u",6.462585007635707,0],["l",6.333333552888896,0],["l",6.209150050835161,0],["u",6.089743550706771,0],["r",5.974842947668214,0],["d",5.864197270233207,0],["r",5.757575708723599,0],["l",5.654762052862815,0],["r",5.55555588693959,0],["u",5.459770058462149,0],["r",5.367231759711452,0],["d",5.277777856358026,0],["r",5.191257071157704,0],["l",5.107526736183377,0],["r",5.026455039752526,0],["d",3.598484793689739,211.11111007901235],["l",3.598484793689739,0],[null,3.5580524344569286,0],["u",3.5185185709053504,211.11111007901235],[null,3.5185185709053504,0],[null,3.4798533781346883,0],["r",3.442028936121613,211.11111007901235],[null,3.442028936121613,0],[null,3.405017943602986,0],["l",3.36879439624516,211.11111007901235],[null,3.36879439624516,0],[null,3.3333332615204694,0],["d",3.298611086829668,211.11111007901235],["l",3.2312926016358943,0],["d",3.1986533248761515,0],["r",3.1666668516000103,211.11111007901235],["d",3.1045750795954565,0],["l",3.0448717753533856,0],["l",2.987421473834107,0],["l",2.9320986351166036,0],["l",2.905198684538341,0],["u",2.878787823305786,0],["r",2.8657616593799835,0],["u",2.8528528480552624,0],["d",2.827380981496245,0],["r",2.8023599438396825,0],["u",2.7777778856400297,0],["d",2.7536233264860392,0],["r",2.7298849594150516,0],["u",2.7065526411636283,0],["d",2.683615879855726,0],["r",2.672292560744262,0],["u",2.6610643959544604,0],["l",2.638888928179013,0],["r",2.61707997026615,0],["u",2.595628522955303,0],["r",2.574525643253212,0],["d",2.5537633680916887,0],["r",2.533333300906667,0],["l",2.513227508041488,0],["r",2.493438353063151,0],["r",2.1990741484964444,0],[null,2.1990741484964444,0],["u",2.183907969766154,0],["l",2.1689497164258476,0],["u",2.154194976460426,0],["r",2.1396396589156725,0],["u",2.1252796040218414,0],["l",2.111111150893828,0],["u",2.097130300693441,0],["r",2.083333408808482,0],["u",2.0765026668816646,0],["r",2.0697167157171283,0],["r",2.056277022984952,0],["u",2.043010737486415,0],["r",2.0299145323434873,0],["l",2.0169851652399693,0],["d",2.0042194531725697,0],["l",1.9916143158894049,0],["d",1.8849205910887512,105.55555483074075],[null,1.8849205910887512,0],[null,1.879327359206983,0],[null,1.8737672299250343,0],[null,1.862745091099577,0],[null,1.8518518595047289,0],["u",1.8410852932253172,105.55555483074075],[null,1.8410852932253172,0],[null,1.830443202033703,0],[null,1.8199234272911453,0],[null,1.8095237618213162,0],["r",1.7992423907792416,0],[null,1.7992423907792416,0],["u",1.7890772532371508,0],[null,1.7790262172284643,0],["r",1.7790262172284643,0],["l",1.769087483744786,0],[null,1.7592592912517153,0],["r",1.7592592912517153,0],["u",1.7495396394357798,0],[null,1.7399266890673442,0],["r",1.7399266890673442,0],["l",1.7304189058994501,0],["u",1.413690438323768,0],["r",1.407407430217833,0],["d",1.4011799755984553,0],["r",1.3950073846701223,0],["l",1.3888889428200148,0],["r",1.3828239334596153,0],["d",1.3768116632430196,0],["r",1.3708513134457359,0],["r",1.3678905138025266,0],["d",1.3649424797075258,0],["r",1.3590843655027323,0],["d",1.3532763240131986,0],["u",1.347517709165535,0],["l",1.341807939927863,0],["u",1.336146280372131,0],["l",1.3305321979772302,0],["r",1.324965095537933,0],["d",1.3221990434142112,0],["u",1.3194444673514665,0],["r",1.3139696012541877,0],["u",1.308539985133075,0],["r",1.3031550539439014,0],["l",1.2978142614776516,0],["d",1.2925169483141308,0],["l",1.287262821626606,0],["u",1.2846517459936078,0],["l",1.2820512414962468,0],["r",1.2768816871007493,0],["d",1.2717536551740212,0],["l",1.2666666504533335,0],["d",1.261620209379393,0],["l",1.2566137599381315,0],["d",1.2516468873300806,0],["d",1.2467191241104716,0],["r",1.2418300881831776,0],["r",1.2393998940823097,0],["r",1.0995370742482222,0],["d",1.0976314654235602,0],["r",1.0957324526459762,0],["l",1.0919539826489644,0],["r",1.0882015708324977,0],["d",1.0863350194811974,0],["u",1.0844748582129238,0],["l",1.0807735860587262,0],["d",1.077097490403947,0],["r",1.0734463519422905,0],["r",1.071630022563813,0],["u",1.0698198294578363,0],["r",1.0662177280977878,0],["l",1.0644257583817842,0],["d",1.0626398020109207,0],["l",1.059085854871124,0],["u",1.0555555733592594,0],["r",1.05204875091028,0],["d",1.0485651503467206,0],["r",1.0451045438162088,0],["u",1.043382793305633,0],["l",1.0416667064373186,0],["r",1.0382513314210648,0],["d",1.0348583578585642,0],["r",1.0314874903217368,0],["l",1.028138509511863,0],["d",1.0248112068916564,0],["r",1.0215053961151581,0],["u",1.019860453288594,0],["r",1.018220799688451,0],["d",1.0149572584511288,0],["r",1.0117145705954609,0],["l",1.0084925807143406,0],["r",1.0052910230990177,0],["d",1.0021097265862848,0],["r",0.9989485031882988,0],["u",0.9958071598027073,0],["u",0.9926855113342932,0],[null,0.8996211953896208,316.66667388666684],["d",0.8996211953896208,0],["u",0.8970726983800885,0],["l",0.8945386266185754,0],["l",0.892018789393639,0],[null,0.8895131086142322,316.66667388666684],["u",0.8895131086142322,0],["r",0.8870214653181534,0],["d",0.884543741872393,0],["r",0.8820798627743597,0],[null,0.8796296441760976,316.66667388666684],["l",0.8796296441760976,0],["d",0.8771930016199321,0],["u",0.8747698197178899,0],["r",0.8723599900887166,0],[null,0.8699633445336721,316.66667388666684],["d",0.8699633445336721,0],["r",0.867579886570339,0],["l",0.8652094543523415,0],["r",0.8628519386009419,0],[null,0.7916666706250001,0],["u",0.7916666706250001,90.47619146539682],[null,0.7896924316391066,0],[null,0.7877280147768622,0],[null,0.7857733469204297,0],[null,0.783828355675915,0],["d",0.783828355675915,211.11111007901235],[null,0.7818929693644278,0],[null,0.779967117013276,0],["u",0.779967117013276,211.11111007901235],[null,0.7790078077596851,0],[null,0.7780507283472917,0],[null,0.7761437337802809,0],["r",0.7761437337802809,90.47619146539682],[null,0.7742461104575206,0],[null,0.7723577078789085,0],[null,0.770478494594778,0],[null,0.7686084391135417,0],["l",0.7686084391135417,90.47619146539682],[null,0.7667473942444931,0],[null,0.7648953399664455,0],[null,0.7630522112869146,0],["d",0.7612179438383464,211.11111007901235],["l",0.7575757382436813,0],["d",0.7557676744202246,0],["r",0.7539682673242633,211.11111007901235],["d",0.7503950027951898,0],["l",0.746855389361084,0],["l",0.7433490118681146,0],["l",0.7398754043900003,0],["l",0.73815074618035,0],["u",0.73643410966889,0],["r",0.7355787820810569,0],["u",0.7347254390199115,0],["d",0.7330246789147044,0],["r",0.7313317745455886,0],["u",0.7296466716100254,0],["d",0.727969316304812,0],["r",0.7262996553203548,0],["u",0.7246376358350219,0],["d",0.7229832055095728,0],["r",0.7221589177714903,0],["u",0.7213363553784432,0],["l",0.719696956796947,0],["r",0.7180650298315355,0],["u",0.7164404417736469,0],["r",0.7148231882285602,0],["d",0.7132132196385574,0],["r",0.7116104868913857,0],["l",0.7100149413152621,0],["r",0.7084265346739471,0],["l",0.6597222336757332,0],["l",0.6583506715906697,0],["d",0.6569848265066628,0],["l",0.6556246039604685,0],["u",0.6549465576498306,0],["l",0.6542700021913361,0],["d",0.6529209864314317,0],["r",0.6515775221990782,0],["l",0.6502395752958161,0],["d",0.6489071118035027,0],["r",0.6482429258129752,0],["d",0.6475800980814455,0],["l",0.6462585007635707,0],["d",0.6449422867556271,0],["u",0.6436314232324235,211.11111007901235],["l",0.6410256176684322,0],["l",0.6397306112981681,0],["d",0.6384408267483975,0],["l",0.637156232498953,0],["r",0.6365159478688829,0],["r",0.6358768283446147,0],["r",0.634602527812249,0],["l",0.6339673251719085,0],["d",0.6333333244751113,0],["d",